<?xml version="3.0" encoding="UTF-8" standalone="yes"?>
<addon id="plugin.video.Addon.GHOST" name="[B][COLOR blue]ADDON[/COLOR] [COLOR red]GHOST[/COLOR][/B]" version="4.0.0" provider-name="Equipe GHOST">  
<requires>
    <import addon="xbmc.python" version="3.0.0"/>
    <import addon="script.module.requests"/>
    <import addon="script.module.simplejson"/>
	<import addon="script.module.kodi-six" />
</requires>  
<extension point="xbmc.python.pluginsource" library="default.py">
	<provides>video</provides>
</extension>   
<extension point="xbmc.addon.metadata">
	 <summary lang="en">TODO CONTEÚDO DESSE ADD-ONS FOI EXTRAÍDO DENTRO DO GOOGLE, OU SEJA, ESTA VIA DOMÍNIO PÚBLICO. NÃO ME RESPONSABILIZO POR FINS LUCRATIVOS DE TERCEIROS.</summary>
    <description lang="en">"ADDON GHOST" é o lugar perfeito para os amantes de filmes de ação, terror, ficção científica e muito mais!</description>
    <disclaimer lang="en"></disclaimer>
	<platform>all</platform>
	<assets>
       <icon>icon.png</icon>
       <fanart>fanart.jpg</fanart>
<screenshot>resources/screenshots/home.png</screenshot>
<screenshot>resources/screenshots/movies.png</screenshot>
<screenshot>resources/screenshots/series.png</screenshot>
</assets>
	<news>news
	</news>
</extension>
</addon>